1.398857836171984781e+00,-3.369522590415060748e+00
-1.325653645819270920e+00,1.492243542566527470e+00
-2.159701072066826377e+00,3.247788015099569492e+00
-4.144045491746652488e+00,3.567396442972048831e+00
-5.702560778449843326e+00,2.891397498905733165e+00
2.958008381922075714e+00,-4.499560327608296717e+00
8.289477443476387375e-01,-6.499458584584177245e+00
-4.046207092017436224e+00,-1.594147051557323946e+00
1.412271262359711954e-01,1.840945965700959031e+00
-4.698824026420338917e+00,3.291666591925375140e+00
-2.041128607195625833e+00,4.778725651391375173e+00
4.158732496024753367e+00,5.357763819637590963e-01
3.517928952699882483e-01,2.098947111367593710e+00
8.555220510916291543e-01,-5.563179619909997875e+00
1.470598046001760695e+00,-4.022870441624163185e+00
1.487520129555143511e-01,-1.745908899807425918e+00
3.303589774946529722e+00,-2.450610385265428529e-02
2.342248193882540352e+00,-2.716789953191825813e+00
-3.375668883442389245e-01,4.536140270812895281e+00
1.615092520112261898e+00,-5.667866802267559123e+00
-1.177243819271278413e+00,2.436974340238939885e+00
-7.195911706055337920e-01,-5.991622286616405724e+00
-4.470941666885669186e+00,-2.178040542440191629e+00
3.837748223220271537e+00,3.472341832967650088e+00
-2.980749441199882721e+00,-3.847266079567586150e+00
-3.004788809947413597e+00,1.892367095544922551e+00
-4.490541148642512859e+00,6.939520941154108113e-01
4.268410602622448202e+00,-6.427350660020025863e-01
-1.075260571723387903e-01,6.491291465867036203e-01
-2.480861864394112271e+00,-1.020445071266694592e+00
3.221160622471254786e+00,1.370941033432783618e+00
1.648356483863857580e+00,3.073282039626938467e+00
-2.172334458100574572e+00,1.229790560445083392e+00
-2.900257025691634016e+00,-2.420071159235107849e+00
1.171715022095030978e+00,-4.269472863970753096e+00
1.547360008077724558e+00,-2.147754222741983021e+00
5.224770632736320586e+00,-2.216866330866946663e-02
1.569129301014166034e+00,1.329801478024154937e+00
3.497904409908390466e+00,2.825455912296174696e-02
-4.488153461322820448e+00,5.663000630534396063e-01
3.116094483358460732e+00,-4.429739835569513673e+00
6.953599139282992114e-01,-6.246912470209674773e+00
4.549504117224556499e-01,5.964969480502920973e+00
-3.132397236475102931e-01,-4.128735422655773313e+00
-6.972773628534539858e-01,2.727908638288676801e+00
-3.978586608979262640e-01,1.915840925386783189e+00
2.507985513390686094e+00,-1.051555428567165107e+00
-5.921551815506611582e+00,1.570052515531285664e+00
3.172743577753978972e+00,2.006072626726408181e+00
2.541034976852679872e+00,2.246757442769005131e+00
5.428207436813528908e+00,3.971252520470173741e-01
2.777707015799165680e-01,-6.002785604679471199e+00
-3.838958493100123714e+00,-9.189854875513127075e-01
3.888833236558044248e+00,3.010889380813700278e+00
8.362715983236010953e-01,2.380900818792991647e+00
-1.289313527903175327e-01,2.124937733331531575e+00
-5.345694376285337057e+00,4.044433635291862505e-01
3.099855408914157451e+00,4.955104184434829806e-01
-3.691278180954687294e+00,-1.655981717533701492e+00
7.021261359752212217e-01,5.033170536707438636e+00
1.471680269875858538e-01,9.967864273236077821e-01
-1.650559277925389923e+00,-4.145735579654510339e+00
1.454726081849047281e+00,2.804921564561514979e-01
-1.052771731324448012e+00,-6.016677752451404793e+00
4.130075980547096570e+00,-4.290940425933364999e+00
4.140645514443430208e+00,-2.542091087579646302e+00
-3.613334832643857908e+00,1.404413260012963738e+00
-1.505121428908123837e+00,2.854100613799102515e+00
-4.667025148743505270e+00,1.282805369662614714e+00
8.310546286493942780e-01,-3.364982924757549121e+00
-6.273824692403220382e+00,2.573677600067361571e+00
1.597966725369182273e+00,-3.418677718530996668e+00
-5.790580418253767014e+00,-2.818647348538078634e-01
-1.462788065348168631e+00,1.581200374982949963e+00
-2.093507970281196062e+00,2.361417039368066462e+00
-6.712867505238168109e-01,1.661639119933545850e+00
1.225609248578890753e+00,-5.437744556717950317e+00
-1.150330620505760848e+00,5.991043924487836847e+00
3.790004772772684882e-01,-3.961741554024397871e+00
-1.557396843530320263e+00,-3.434422440541741395e+00
1.554916606701644666e+00,-1.788572281994247115e+00
-5.987471848185725420e+00,4.431204217084321328e-01
3.385994773895219634e+00,5.360050468994238537e-01
-9.668868110660946980e-02,4.214484370550866998e+00
-2.800164065440212013e+00,-3.907904058136270731e+00
-1.851478122207106836e+00,-1.223375193464263155e+00
3.087364558210956567e+00,-2.113488305597870820e+00
2.450098776200515527e+00,4.014967114056914532e+00
1.116896566168998239e+00,3.043796772406238915e+00
2.395778098743705620e+00,-3.009882655174152877e+00
4.616130643452818205e+00,1.597771208049775238e+00
3.998906889666368425e+00,-8.074686137127990992e-01
2.217186196221887506e+00,-4.157010558519911747e+00
-1.139718286521969048e+00,-2.844376871930238693e+00
1.873275164106766200e+00,-3.693488952485399768e+00
-2.481927507390960130e+00,3.199378617039654760e+00
9.852965472445958384e-02,4.061147776829156508e-01
-3.960490179431301883e+00,-1.602062961128171148e+00
-2.322837202337395990e+00,-9.486295121964430921e-01
1.029218899799587028e+00,-8.438001970143303998e-01
3.306122284206896023e+00,-5.076440162739589645e+00
2.668213443618183689e-01,-6.793249260930304345e+00
4.964858770299883872e+00,2.259118446517232037e+00
-4.206319554499804880e+00,1.878453963470338328e+00
-1.429255949293666283e+00,1.674133174825638948e+00
-4.495533622636237681e+00,1.021411189640726302e+00
2.310338574135986089e+00,-2.612094598210952245e+00
-4.351452407453522575e+00,-4.400880692408663641e+00
-1.054389695742278921e+00,-3.620862462631185608e+00
-3.111429464885269613e+00,1.672281963908996971e+00
-1.302354637776408586e+00,3.714563507614594862e+00
-3.716313408848044730e+00,2.368163969619337283e+00
3.547014907226978764e+00,-2.241859880728392707e+00
2.321382036991055386e+00,-3.516982597520815212e-01
3.670311668394849125e+00,-2.635980256527380217e+00
4.187770907691660049e+00,1.730574784077041128e+00
3.058165049572410421e+00,3.437627245499456308e+00
1.374680644328234003e+00,-5.340687380636345516e+00
-3.725736670976067977e+00,-3.193996267983218118e+00
4.883616104583509809e+00,3.293697167216178112e+00
-4.026719885380617647e+00,4.961340390735002437e+00
-4.872333924392202142e+00,1.071570084858304517e+00
-1.513627762361906770e+00,1.016845848091606941e+00
5.454465062041033985e-01,-3.538907616368021092e+00
2.240932315160353294e-01,1.415243302134586489e+00
-1.900354909383759949e+00,1.956049264020690348e+00
-6.739568505019179590e+00,9.743674875159523685e-01
-1.080785833271730612e+00,1.582040576702010704e+00
2.932298859245713096e+00,-6.455145493130812762e-01
2.257765355465587653e+00,-5.903122145924222686e+00
-1.130404442109710361e+00,2.800424560938684859e+00
-4.538510524503427845e+00,-3.597752023872741872e-02
5.954883549164653456e-01,2.187021496620254357e+00
-4.275187255708392087e+00,2.209728209180266578e+00
-5.036444215665991209e+00,-1.107202734447773285e+00
-8.387599589569591507e-02,6.409229839828046948e+00
-5.005892386321540322e+00,2.484782238994262205e+00
-4.731120768292131018e+00,9.511173390956922935e-01
-1.363136991577006851e+00,-4.281084337206117141e+00
-3.723416595795320916e+00,4.525858846353602694e+00
7.120126509679791660e-02,1.016059578199766111e+00
-5.220492768172823261e+00,-8.327236695275610501e-01
-3.683220020269120543e+00,-3.212577906675920136e+00
1.767729322370990674e+00,2.487732687393218622e+00
2.370213464645812174e+00,2.260310053951486431e+00
-1.699158363305765862e+00,2.539734985312583682e+00
-3.363874264174688822e-01,4.522340657032935418e+00
5.122334920542619408e+00,-3.076461181199783290e-01
4.224123715616849850e+00,1.606755427262761549e+00
-4.900839481989976321e+00,2.889703659941693648e-01
4.792812517843787035e+00,-4.795022106020299546e+00
3.985678196156096309e+00,-1.579031508393986316e+00
1.357031032758513778e+00,2.271800343990118431e+00
3.930933225529511077e+00,-1.776310019789954842e+00
1.425607766663995468e+00,1.693734728138125645e+00
-3.943158021659648682e+00,2.296132685543398555e+00
5.479664542674497874e+00,2.597857584299039235e-01
4.705295643318233800e+00,7.044185274097203298e-01
-3.032921568039093962e+00,-2.516649928977743755e+00
-3.983553286426881446e+00,-1.153506483189685072e+00
-3.345769272589283805e+00,9.971244245216683844e-01
-2.822380244004123462e+00,2.271314617780602063e+00
-2.878878867257285146e-01,3.392655301705945536e+00
-1.488748674066984412e+00,-4.492970803920181555e-01
-2.955189506002829702e+00,-2.934454349736574930e+00
1.189128532006694883e+00,-3.189855968931935237e+00
4.734745380423136751e+00,2.352709987347832765e+00
-1.798390855944642375e-01,2.250229549478221180e+00
2.197518351501293488e+00,1.361877854554690570e+00
5.225420085120916269e+00,1.483458522879234520e+00
2.187495388195822787e+00,-1.694048970556909950e+00
-5.246271275560982161e+00,-1.570269729119884827e+00
3.956828259200472875e+00,1.627412987404936562e+00
5.335691879079377031e+00,3.163166746403796470e+00
4.161397497591043049e+00,3.003166494197173186e+00
1.567625124761330424e+00,1.144766690930609565e+00
-6.882920834351979877e-01,8.058879271988000914e-01
-8.724032063274226312e-01,5.039501272547314947e+00
2.995248240197360801e+00,-3.411630177150602794e+00
3.741174113514022181e+00,-2.339201924479757277e+00
-3.613121702152020998e+00,2.429682884299208201e+00
-7.166359363799730264e-01,3.242723231449012644e+00
-2.708122184010082645e+00,-9.513737796638637167e-01
-7.546440498868708380e-01,1.776002862019999240e+00
-5.180211388065925959e+00,1.421107141220871339e+00
1.038206397407846815e+00,-2.644295646381733977e+00
1.081443008376421488e+00,-4.515315484403445545e+00
1.605507194378484659e+00,-2.234322699005253821e+00
-3.916531671005749171e+00,-4.635119166689622983e-01
3.040267821489195832e+00,7.413961635011784290e-01
5.199002430586288082e-01,8.741192648773331575e-01
-3.936706162663752728e+00,-2.363082772674774290e+00
-4.274203733504737812e+00,2.335754615367096498e+00
-3.691638526938463283e+00,5.426545994440942877e+00
5.319993875526755067e-01,1.992367895613433859e+00
2.335733955162710096e+00,-5.857160686410851191e+00
1.394404024959358113e+00,3.519566233592218207e+00
9.925708845692330362e-01,2.225473782723948357e+00
4.898929538383053561e+00,2.455591868378715237e+00
5.312460863097710068e-02,-4.649314975582474752e+00
-9.771346815592270030e-01,2.522830979054067058e+00
-2.472869519095239887e+00,-2.923459080581065628e+00
4.714943306325521943e-01,-3.707533329454603344e+00
4.209873066038361422e+00,2.497619843114942118e+00
-3.419434052162016346e+00,-1.210274515700259457e+00
-4.854567724144276397e+00,3.129003025215731704e+00
5.070132084340797540e+00,1.049770878291675924e+00
-1.670995321230001052e+00,2.668897851189883763e+00
-2.623203332005274446e-01,-2.273811788410097012e+00
2.697231855648732246e+00,-4.833937568842888943e+00
7.138005698880495187e-01,3.193905319900621542e+00
-4.078295628920823646e+00,8.141451695990041815e-01
-5.975486607254184568e-01,2.302508221582295178e+00
-1.371482834034755405e-01,1.128873742029253391e+00
2.031297955242961362e-01,-2.679732220663435527e+00
3.829574585036360279e+00,5.177084792981980321e+00
-3.356141558760659116e+00,-1.652221284796771661e+00
-2.416914138420985791e-01,1.592585864103017279e+00
5.060145241427879803e+00,2.512956985262070564e+00
1.857628938803332075e-01,1.738125828506164483e+00
8.890163297475955906e-01,2.982138403497079260e+00
1.132241490604990908e+00,4.251171123288501441e+00
-1.799568990754067954e+00,2.553342804972467128e+00
4.559546938104029334e-01,-5.116016377325104614e+00
1.104999254461047187e+00,-3.445405300990985076e+00
5.116270336374716621e+00,4.096164854715283465e-01
4.399853083918455532e+00,2.850126679042921829e+00
2.926416499915628910e-01,4.008023498844878851e+00
-1.282400716577151378e+00,-4.400655641287765540e+00
1.530404876563947969e+00,-3.994374413206724483e+00
2.110778903299778797e+00,-4.565460639752275007e+00
-3.230716023001538595e-01,1.578815813570450644e+00
1.144956468761805235e+00,-6.593926264479961219e-01
4.604803203929837885e+00,1.929127550146412906e+00
3.029868683628731851e+00,-1.239940212545040943e-01
-9.363130163936770334e-01,-2.513203922967116810e+00
-3.731519604388119582e+00,-2.429241702240257261e+00
2.287491012865635817e-02,3.054536008489582954e+00
1.876123706311762840e+00,-7.621050079436745284e-01
7.990960835375133797e-01,4.115600373998177020e+00
5.056544013545037686e+00,2.243557665167800419e+00
-1.703604380550045594e+00,4.154222676062396147e+00
3.946992972898832441e+00,-2.180932131914635974e+00
-4.154406801234539870e+00,-4.069980360982286882e+00
-1.015333652480750803e+00,3.158239779721400797e+00
-1.524878680324173841e+00,-5.034284848565345749e-01
-8.793699143990308942e-01,-6.091056472376062958e-01
-4.086660885251149011e+00,2.005832470124515154e+00
3.527431819339565511e+00,1.401866563907878394e-01
-3.388417296507054033e+00,-1.675281123262631455e+00
-1.938329648583019482e+00,-4.125324811012317738e+00
-3.292998288599545464e+00,-9.905476944632556346e-01
1.904257772842446128e+00,-2.908843904226268595e+00
-3.373897964867134558e+00,-7.566383101021117996e-01
-2.000200459181330270e+00,-1.944180591288002580e+00
3.982370104896365337e+00,2.694091144488153233e+00
1.356411930123572640e+00,-3.607895754473095629e+00
-8.235672614826506921e-01,-4.480522940866250359e+00
-4.187162846298717156e+00,1.399634261124635293e+00
-1.602119411572998864e+00,-4.601669877876455317e+00
7.263107689307582993e-01,-1.271455670891666667e+00
-1.755017013562591988e+00,7.142876641654071213e-01
1.592801965265948416e+00,5.954186265788406374e+00
2.478159752686575068e+00,-3.541626225614129986e+00
-1.170779513253625614e+00,2.615516082431535771e+00
-2.126804905541167301e+00,1.894597051723764247e-01
1.335067029289745522e+00,1.177775412734014315e+00
-5.045693322108821377e+00,4.641971317228960281e+00
-3.828358062682277740e+00,2.697009785316972774e+00
4.798857373286003813e+00,3.501513418573949377e+00
3.842555660968105968e+00,1.761451143018341270e+00
-4.390159258242315232e+00,1.513481467102831379e+00
4.697262473427159524e-01,-6.850523282551092275e-02
-4.565425074629684055e+00,3.640251467667912966e+00
-5.499895055585030335e+00,4.061362296546124462e+00
2.133183949557210468e+00,3.525045462683292552e+00
5.659415934265620285e-01,-1.558734745353340667e+00
-1.095295788619482735e+00,2.819963333688350726e+00
-6.005958747026496347e-01,1.383709726427694520e+00
5.106402063181767481e+00,2.095046534581690434e+00
-4.460371531207909968e+00,2.065021057360520440e-01
-3.677652936790167248e-01,-1.344811492774145023e+00
-2.882837624296826107e+00,-1.056465594753853571e-01
2.009635296405432925e+00,7.253095831004612304e-01
-3.290001045546866454e+00,1.920884659520986526e+00
2.073154096431446547e+00,6.623798684169780460e-01
3.687394957845397059e+00,3.263887946175667132e+00
7.681199765000651380e-01,3.615970526226489845e+00
-6.285382713260857734e+00,3.422095402275295850e+00
6.170123912525837362e+00,-1.218330852247669460e+00
3.437583918147389284e+00,-3.868986857915603039e+00
3.386072720068313391e+00,1.756443158670218052e+00
1.636762113055661549e+00,6.916436714249245554e-01
2.369316042246671028e+00,-2.587583889816669758e-01
1.245231699039482276e+00,-4.972558797962418176e+00
6.611365927762867800e-01,-5.108871149030053793e+00
2.293507771009767104e+00,3.519025890962223180e+00
-3.838146809088172962e+00,3.638063725429237394e+00
-2.234362938858503345e+00,-1.256435748007307174e+00
5.680328141399001440e-01,-2.454017679769849192e+00
4.940044190085793652e+00,-4.493958932581449961e-01
7.492766462645256142e-01,2.721222551121123878e+00
2.545785861486572266e+00,5.999770951967304811e-01
3.195552524064412925e+00,-3.042410609504619945e+00
-5.612170750406873410e+00,1.051351637400287586e+00
-1.474507183124828869e+00,2.945265379133895856e+00
5.007775930442819323e+00,-1.879012962547718324e+00
-4.311426202430980403e+00,1.550058620591327374e+00
5.037219142253673176e+00,3.089887709826048545e-01
-2.161629371051962067e+00,-5.179868226370446527e-01
-1.325137688056598151e+00,-4.840195842932502934e+00
9.820349040852180966e-01,-4.235517308119767677e+00
-3.132856114735339759e+00,1.837612012621684388e+00
-4.539078516290679488e+00,1.847160523127752807e+00
-3.441597622089242137e+00,-1.680059438920307624e+00
3.174354150715016587e+00,-1.106391840337327404e+00
3.033268133753046936e+00,1.401834224543295981e+00
1.764656541007600055e+00,-4.256042721427386155e+00
2.490135513442711002e+00,-3.936862500237920948e+00
-2.798644463187196507e+00,2.269818993322255007e+00
1.977574804781800477e+00,-3.424921075798589509e+00
-3.825543036981299050e+00,-8.136609085138291064e-01
-3.406400880413432475e+00,1.794348929627646028e+00
1.431474952689553382e+00,-5.957686148761542455e+00
-5.258098444382398817e+00,-4.214684035965753139e+00
5.151654503057052636e-01,2.190307334912669823e+00
1.404877428777120407e+00,1.333775227632387539e+00
-3.024839156340813906e-01,1.309413191474149141e+00
-1.507077550139024114e+00,-6.531746921246793569e+00
-5.684149904568615241e+00,-1.590745873980898006e-01
1.788013708058639573e+00,-4.813793051605641971e+00
-2.578404813373837090e+00,-4.229690967359510445e+00
-3.205135334239206379e+00,1.158197604059040264e+00
2.309349981872016233e+00,1.887600727728437011e+00
8.844213160257453632e-01,3.321843387581340235e+00
4.100582923035016036e-01,-5.118454360325343622e+00
3.334976858482121109e+00,2.810939773622545879e+00
1.965086780165907321e+00,-5.375990873571033113e+00
-8.056655472897056303e-02,-5.830015931802370766e+00
5.034484092931523769e+00,2.764103433466595483e+00
-1.132961816898681251e+00,2.058090756634184171e+00
-1.486151422999812510e+00,-2.299232420628118945e+00
5.981532035469118824e+00,-1.992591322186648251e+00
-7.251657498655309508e-01,3.871697187167883580e+00
-4.913398725181886917e+00,4.132004082397745748e+00
6.740421655135551138e-01,-5.374610691490370407e+00
-2.610020192042381115e+00,1.294926222898002965e+00
-2.456334286861581617e+00,2.828872401122605851e+00
3.537041274054712137e+00,-8.115631166462390633e-02
3.820702083016827899e+00,5.189052891099718678e+00
6.494889430393083751e-01,-4.844261182766948615e+00
-4.288085962982139954e+00,6.409830850996205420e-01
-4.211249993200456565e+00,4.115980960597291904e+00
-3.519556736593694612e+00,-3.137563384469558514e+00
5.604834776930998075e+00,1.793050250044988081e+00
-9.208969606658066187e-01,4.016405865887045401e+00
1.798228984761202520e+00,2.009004715069112823e+00
-2.912445046030489149e+00,2.899795703330639185e+00
-7.426351942440784226e-01,-1.713384244786923416e+00
2.369972021147392915e+00,6.900047003168502391e-02
-3.518161748828373181e+00,-2.389311614764380864e-01
1.020109324257410188e+00,-5.306400687614996059e+00
8.364005542592024833e-02,5.960790626598188036e-01
-2.287666772617903410e-01,-1.507389445627918878e+00
-2.927140961988354828e+00,2.553062194182429856e+00
2.294261450083603826e+00,-3.779146298859798581e+00
1.413880951220263027e+00,-5.114730816978746653e+00
2.052536713997056506e+00,-3.125055054276302258e+00
-3.893308152920198495e+00,-1.084143941821108736e+00
-1.471835437738855390e+00,-3.608831659270731684e+00
2.020977264009314656e+00,-2.979775767713756185e+00
-1.027566123638847362e+00,2.921054571735570260e+00
1.065362620258277104e+00,-5.061430451244338435e+00
-6.249220146585558050e-02,1.041924420211796543e+00
2.087184957141995589e+00,1.269205656477870869e+00
4.446209931750567002e+00,4.748027880954775348e+00
1.621313352770955785e+00,-3.412629877771721887e+00
2.618866132468997687e+00,2.536114681919939162e+00
7.635356426851797051e-01,9.642441019076831710e-01
3.767950846019734623e+00,2.275998489425961058e+00
-5.016956296971421203e+00,-1.163562371189825972e+00
2.900444872897628978e-01,-2.911276077658430328e+00
1.694816021784081750e+00,-4.001931811280111440e+00
-8.116296948934177691e-02,4.936568657300370866e+00
6.565033700253847249e-02,-3.860954944619750862e+00
-1.186227978464011512e+00,2.513956285628943910e+00
5.581508747916597457e+00,1.729581903978278490e+00
3.806468606190185344e+00,-1.813294113397099894e+00
5.263503771818261789e+00,1.228199707183144973e+00
8.814815455222523299e-01,-1.220860698184308868e+00
5.372606860516478733e+00,5.720545940882023617e-01
2.141522471018151019e-01,-2.798944190514412789e+00
1.890992430946736969e+00,-2.986411495807993699e+00
-4.215945809342257711e+00,-1.635440455323225351e+00
2.876795183514900156e+00,-3.260576440858116598e+00
2.477456067918656579e+00,-4.267716738636156748e+00
-3.689656965371972408e+00,2.052122953087467394e+00
9.541306073727030546e-01,-3.779786394450582510e+00
-4.127095151593325184e+00,1.617108326079534919e+00
-4.908768688563925897e-01,-2.625274178914465573e+00
1.979902979464507051e-01,2.651363254143824566e+00
-4.056883905805743318e+00,5.486288294071876237e+00
2.392011531855116502e+00,-8.042973825941540644e-01
-8.241158737018207114e-01,2.249443166547499651e+00
5.001715183364246364e+00,3.148794929079029803e+00
2.160046591991052978e+00,-4.710012545581482080e+00
-4.059291270520393624e+00,2.559708987551882475e-01
4.453618961038644519e-01,2.728215272331286911e+00
-3.055652408851167401e+00,-8.823584256277936522e-01
4.563083268007875226e+00,2.704272729045798851e+00
-4.814279711282386742e+00,1.261964228586811343e+00
3.642185701929621100e+00,2.868965827083810538e+00
-4.110944843413846250e+00,-2.574572408878827101e+00
-1.756746543796613436e+00,1.911316997834937581e+00
3.137741263973254480e+00,4.895347770367802553e+00
6.075612409182382656e-01,-1.896734983884605485e+00
6.072374912652323431e+00,-6.594562308194935607e-01
5.877720126754635288e-01,1.549338857579917850e+00
-1.521755457382916177e+00,-2.070669030869725508e-02
-4.067444382187933805e+00,-2.402981207471355241e+00
8.743852758500878508e-01,-5.441980425743457417e+00
-4.934106172186925932e+00,1.795548490189108115e+00
1.601085768103260421e+00,-1.041329101833854409e+00
-1.421003518869155213e+00,2.239556716291139615e+00
-2.718319320028091290e+00,2.127897739448252779e+00
1.062613448637883984e+00,4.667959699299012999e-01
4.637386851790608944e+00,-9.219256909637534303e-01
1.782800132424947392e+00,-5.096625252020086094e+00
-5.656623768761139814e-01,3.130907605082834166e+00
-1.911441054641121795e+00,2.826796075774396400e+00
-2.858828192419049063e+00,4.367119763504693886e+00
2.300895339525902195e+00,-3.589786671569019649e+00
4.094363766517980174e+00,2.115355515015440169e+00
3.560903158909374699e+00,-4.416555127120183610e-01
-9.171038751603821648e-01,1.861275817196510918e+00
-1.411933050785761701e+00,2.449385274948522540e+00
2.721659342681024718e+00,3.964716752499098273e+00
-2.578774151499201306e+00,1.050544927375370419e+00
2.337740011723319800e+00,-3.460062746945780532e+00
4.899306218640134603e+00,-3.595457891569253106e-01
1.668239306065744110e+00,-2.502173649060409399e+00
-4.877245259817603262e+00,1.456712809990110546e+00
2.051096606220031315e+00,-4.667781926230481382e+00
-3.911784380303651859e-02,3.315573117585973062e+00
-2.140320041500321790e-01,2.534415087411359124e+00
5.377614310908317208e+00,-1.367081892092623319e+00
-5.530665779640138169e-01,-5.416478720111300049e+00
-6.019297415271666729e+00,7.735189468604848351e-01
1.327222563550100487e+00,7.211922270566424320e-01
2.637304472190630911e+00,-3.543909031503330809e+00
3.354227623011753590e+00,1.793368938268969481e+00
1.506402232407351383e+00,2.934051998788755444e+00
-1.418675382258444972e-01,-1.916658534590249374e+00
-2.324653074675398390e+00,-1.327556176655618092e+00
3.394818465603010704e+00,-8.981195344383758883e-01
-3.839290653244376905e+00,1.776034680253841813e+00
-5.074976815905761107e+00,1.418493923677401014e+00
-4.255505236202634656e+00,2.096580566251650790e+00
3.504077867424451931e+00,1.276246845604117164e+00
1.103882230702631029e+00,-3.768559556961912360e+00
3.937542043179725892e-01,4.634331594832837631e+00
-4.723483254485407179e-01,2.400665303640050041e+00
-3.940462665309657275e+00,-7.867188853693589390e-02
5.262607706918202011e-01,-5.141165446232687231e+00
1.241441230157688258e+00,8.168702721701224245e-01
1.100731099844432404e+00,-5.702185684924690356e+00
-3.293428009563090786e+00,2.443826501198271828e+00
1.176202804016287101e-01,-5.120921175612617837e+00
-7.149562582635667941e-03,1.355977586757343811e+00
-3.939159774942651571e-01,3.603348003871128746e+00
3.104582393055528744e+00,2.843660389348505291e+00
-1.312732006897654013e+00,9.313747638400960982e-01
-1.544401507756142822e+00,4.205386309216725960e-01
3.378942488757779028e+00,-2.243696901031651814e-01
-1.947657720020694816e+00,-1.529987075357634563e+00
3.929948547103570444e+00,3.776772477613699053e+00
-2.430888220407335432e+00,2.418320402583305384e+00
-8.414635039706876984e-01,6.818992710130090673e-01
3.455285549484807373e+00,-6.303417270259602523e-01
3.109881740195925115e+00,5.082204639990563211e-02
1.318847598168230606e+00,-5.292539992822023365e+00
3.969203389233249446e+00,7.284629892264129492e-01
2.709004847036749819e+00,1.321379683501057611e+00
-2.808157175339787592e+00,4.538129390301028465e+00
2.424039215255520130e+00,5.200041540126756345e+00
-5.072941447832394202e-01,4.401619459750535590e+00
-1.523984162877987936e-01,-1.285000482973532421e+00
3.589998236837370182e+00,2.006392935531325694e+00
-6.345978990853725632e-01,1.722539133515121890e+00
2.092549563842717397e+00,1.571625624267049437e+00
3.739908634323134251e+00,-4.501859135588451299e-01
1.215883820439860541e+00,-3.799592341724914668e+00
5.926449705624699860e+00,3.976229919344134167e+00
-2.915090093133166249e+00,-3.766886665612442897e+00
3.783684459247934395e+00,-5.438211840497583438e+00
-6.640955749808292730e-01,2.944122551214543471e+00
2.419017425090954632e+00,1.857156797392331304e+00
3.071272076608239310e+00,1.142580510279746386e+00
3.424790218265761688e+00,1.755824794770953767e+00
5.131688678688623995e+00,-2.252418622726274133e+00
1.883950732010272633e+00,-3.034175489072201248e+00
1.914064194529562446e+00,2.256235373302580172e+00
9.613045602772878340e-01,-4.854481271525225239e+00
-2.143194658118984464e+00,2.207729937099042750e-01
-4.888696145376012936e+00,2.789918301049156835e+00
1.486420003868898387e+00,-3.727229096468060998e-01
4.138380849228599168e+00,1.906799157754827112e+00
1.352449571896275904e+00,2.798062169891912365e+00
4.038351149668974571e+00,1.284525296414207318e+00
-3.532587684339993928e+00,4.187303898032689986e+00
-1.302121188192238765e+00,3.475575706773610829e+00
3.261359281489413231e-01,-3.595259309457225161e+00
2.984009660566511180e+00,-4.029667316140614353e-01
-7.704161401624846084e-01,-3.517648814979779548e+00
1.098166976520549981e-01,3.029414655748702057e+00
-9.825777992688666806e-01,3.503872430783931513e+00
-2.133405277829533375e+00,3.774354319219533682e+00
4.527493881302441237e-01,-2.660483291298809672e+00
2.925035939166956922e+00,-2.818980999643065033e+00
-1.551316791812249463e+00,-2.817856569444911585e+00
2.312006201890310475e+00,-5.415139947736136605e+00
3.468600821661213196e+00,7.627516792224258158e-01
7.623489981610177546e-01,-2.960879899860751951e+00
-1.108008030469416760e-01,1.678079222336525511e+00
2.366730788733133029e+00,5.940892216502289713e+00
5.435461394037533367e+00,-2.982255970808620482e-01
1.534711762687745562e+00,2.442463542442451452e+00
-5.153617916808910238e+00,1.178588229147197408e+00
-5.278840003262433633e+00,4.031829213425702774e-01
4.674972893067907420e-01,1.009236180795188398e+00
4.524810928718561165e+00,-3.832718492375341235e+00
-1.155931896662738545e+00,-4.159193394022611123e+00
1.329710116267295739e+00,1.558117847860258420e+00
9.495792672045541005e-01,-1.589745991524061264e+00
-5.152331069716391987e+00,-9.601955039356048216e-01
6.680290947852524086e-01,-4.278429351115538459e+00
-1.260302296444420378e+00,1.427447803823421735e+00
-3.575391975984876680e+00,-2.141725191849666476e+00
2.046223169168455147e+00,-1.910254838578501202e+00
6.955041413989039301e-01,5.456826866259396613e-01
-5.149300456227076772e+00,-6.613104162917244899e-01
4.613710519460605397e+00,2.917369538950166374e-01
4.210324088741985271e+00,-7.994926164646605216e-01
2.901067857933928629e+00,-3.718021263122097242e+00
-2.483277445908188330e+00,7.564275283089275659e-01
-4.039488224857801235e+00,2.799396226695135326e+00
1.896927630137340115e+00,1.454244886503932355e+00
3.119892130345476300e+00,1.305715729956260729e+00
1.069432323041768607e+00,-2.058229056143050961e+00
-4.471095872233731505e+00,-1.054998698928601764e+00
-2.538258877713306827e+00,1.190068939820156518e-01
1.571305814925609834e+00,1.419932810217387598e+00
3.462808263963013999e+00,9.889128413797642070e-01
1.914999918362554565e+00,4.543910381627611628e+00
-7.610073291902147430e-01,3.536585751693010149e+00
4.574801748742570062e+00,-1.583637812788623311e-01
-6.422856683290565805e+00,-2.072748968094530186e-01
2.897263178967023567e+00,-1.528841168247957016e+00
4.197332769819991150e+00,3.461156276111336805e+00
2.104508370306239939e+00,-1.971940063914902064e+00
8.759832360183240629e-01,1.280592325281292077e+00
4.014531178660863731e+00,1.093580137314076550e+00
-2.517730792114714955e+00,3.083725744609950858e+00
-5.038573430337948800e+00,-1.029430932741891791e+00
-5.322421083338208625e+00,3.807238162828845418e-01
-2.206172433611668926e-01,-6.800856616000474641e-01
-3.198653474505948946e+00,-3.535744004996609124e+00
-3.117167074785664127e+00,5.731959554969780157e+00
-3.906753265777862527e+00,-4.741633112815422990e+00
1.807079597121945103e+00,-4.204870027517332964e+00
-4.589500755230976559e+00,1.195056119437188480e+00
3.941586349841565085e+00,-5.490900530186794137e-01
-3.239797661099837356e+00,9.437385267109459352e-01
-7.537444888567070012e-02,-2.353045450614208445e+00
-6.441717365039832721e+00,-8.138393321056373031e-01
4.365806999600740923e+00,3.047455089077933277e+00
4.453050681720309711e+00,3.769537324437139514e+00
-3.098076176607227339e+00,1.654488346632645879e+00
-3.323281858133441347e+00,-1.081611863626463332e+00
-7.103234965520423272e-02,1.583948152438659829e+00
-1.363919409606209943e+00,1.226119501169561588e+00
-4.477984289594670209e+00,-3.341464771982668669e+00
-9.669971560403973765e-01,-4.437464844411413978e+00
-1.565750008120169179e+00,1.718472076255659342e+00
4.681706402054600424e+00,2.941710593023734610e+00
2.502937459069222381e+00,-1.070439723969972778e+00
5.141033265876721714e+00,1.994217849861339209e+00
5.906918158061038149e+00,-6.591392910239479708e-01
8.810825912103259494e-01,4.222452752117401786e+00
-5.015075440908723925e-01,-1.346288096672932921e+00
-2.119830986859064570e+00,2.893365047248252164e+00
-3.018647617146487772e+00,3.541748552605464173e+00
7.462157602483162622e-01,-3.430552113107415035e+00
1.229940289691459299e+00,2.292187845271142776e-01
3.241334773730792040e+00,1.046647564998989921e+00
-1.267178907973195878e+00,5.275761484983156002e+00
4.734624851623733255e-01,-4.571989881109905340e+00
-2.744173981418400743e+00,1.353597188973160392e+00
-5.630686170308336624e-01,2.077927107819500296e+00
2.989313286269092540e+00,-2.611394161744495790e+00
-1.885860259697415886e+00,8.687362297925661503e-01
-1.418274444553174085e+00,4.813712123404402021e+00
-2.834505385279758372e+00,-3.937422538133960703e+00
4.261313578314464556e-01,-1.277842328104265457e+00
1.131641184535820299e+00,-4.913358941647818945e+00
2.122614680380516816e-01,-3.973519427673592563e+00
4.035862199727846544e+00,2.446769551183612279e+00
-3.734715289524257464e+00,-1.384897066866878523e+00
2.871050431407853321e+00,-1.349840393973312791e+00
4.736048583441535342e+00,-5.539955747376394957e-01
2.264168294264204739e+00,2.604354265676887881e+00
-2.908703524187760792e+00,4.409497271333228774e+00
5.778618893173131932e-01,-2.541561775935178069e+00
-2.526473059190267101e+00,-6.082461093714498723e+00
-1.437793376146447644e+00,-5.410274580642586706e+00
-1.796613292720377508e+00,-1.279001413570517443e+00
4.469168442089943127e+00,4.327404529036252279e-01
1.237823804191848343e+00,2.312108501960430385e-02
8.063607763661411187e-01,-1.858081284397620214e+00
-2.767224336710953914e+00,2.796838046323174787e+00
-2.405849591726878067e+00,-3.306965832984397835e+00
-3.701562502687364198e+00,5.455597477600221401e-01
-2.032929431941949527e+00,-4.576230261053239268e+00
1.514356088807198075e+00,-5.589000883775471884e+00
3.628636680675178194e+00,3.992136182557831869e+00
3.693730632164520244e+00,-3.050995646230993064e+00
2.551029655950334707e+00,6.662810498732730791e-01
-2.838132913072343833e+00,1.890795623499944345e+00
-1.822327982772131483e+00,-2.294243132556310627e+00
2.378495684329678284e+00,7.383728779316003910e-02
-1.588410678789740071e+00,1.822742065681502543e+00
4.475603309245316019e+00,-5.727946724876912220e-03
2.135369179281902507e+00,-1.318810889038096512e+00
2.549710521285003306e+00,-1.761850124991852562e+00
4.027744428005005095e-01,1.584128476377236971e+00
5.210800532951455288e+00,1.572386921696990791e+00
1.930199389057428272e+00,-4.443324346503077393e+00
3.857841997841668480e+00,-4.100239710126581949e-01
1.466122558329548076e+00,-2.980946351234562641e+00
-6.974072864207226941e-01,-3.974376921459787049e+00
3.013992569145450773e+00,-3.619295507063619022e-01
-4.464808518952308347e+00,1.033561417395820525e+00
-4.344848238822203446e-02,-2.911919101191369208e-01
-1.729599251820445049e+00,1.877921155032467260e+00
3.278571190517149514e+00,1.820910307751685053e+00
4.761009460470940202e-01,-2.492068921181198604e+00
-3.326809967808511459e+00,1.311767743217435944e+00
2.877672757039802853e+00,-5.446082400058767092e+00
-5.038395795666051891e-01,1.729630837885695716e+00
-1.687310958215960111e-01,-4.447794660190860228e+00
-1.402760587127674707e+00,-1.187381989726475462e+00
-1.007840797389545628e-01,-3.803812103844878667e+00
7.818199691945780794e-01,-1.965024566782584525e+00
-4.817533447902861532e+00,-1.774039280554052245e-01
2.706527165609495800e+00,-8.124362667374775970e-01
1.101089159213794466e-01,-5.606868805962295088e-01
-5.891419519662647458e-02,1.487779076585129534e-01
-7.169504430189769240e-01,-2.235956261116524679e+00
1.743321031225234963e+00,-4.205207743552710653e+00
-3.266809898467474049e+00,4.046874532221797161e+00
-2.462254857547192977e+00,-2.535478042330316040e+00
5.047491537256795446e+00,2.896310722170784668e+00
-4.373949963120692175e+00,-2.700345023143103651e-01
2.891617677816415544e+00,-3.907237438525423823e+00
8.794586043192739178e-01,-5.245367695924296747e+00
-1.050835386613046207e+00,2.805752542297708096e+00
3.630637977219640433e+00,-1.857935271413708955e+00
-4.207088254095306290e+00,4.158319659259618994e+00
-5.275841586390237481e+00,-1.906525200886704852e+00
2.261310137637916606e-01,-5.617435078681752181e+00
3.515684093686260336e+00,9.637983443604170031e-01
-3.049950251632707943e+00,2.169412613142441604e+00
-5.554706750422504946e+00,1.489217510571326786e-01
-3.028456149267099384e+00,9.275384847869145855e-01
-3.046633750155127579e-02,2.630651207064529817e+00
1.696856032256164992e+00,-1.326942317433879026e+00
1.969471599108223003e+00,-5.863708321604803153e+00
7.426362084186240164e-04,-2.581259188145853312e+00
-9.420475847086318133e-01,1.882146947335885168e+00
-8.534343074876032942e-01,3.082706380812690661e+00
-1.742751617350482229e+00,3.373192936870178738e+00
-3.089582529521771370e+00,2.100080888828518066e+00
3.203493802138519975e+00,2.319924797598542365e-01
3.813496829850189673e+00,-2.588799696601319589e+00
-2.126384941951369179e+00,4.623493926747929805e+00
3.185799222096768357e+00,3.102055651447459539e+00
8.411041828925676089e-01,2.335534139199627823e+00
-4.271949100921103692e+00,-1.831633576183177237e+00
6.557554242961685098e-01,-1.244730022292938276e+00
1.799919710803385697e-01,5.591698446086518004e+00
-4.362841816583698851e+00,-1.754860937790686970e+00
3.946322805978157877e+00,-2.036509872713292424e+00
5.720380931149425807e-01,3.353576520725535026e+00
4.130496057754725392e+00,3.129189526787254039e+00
-8.699369139253301242e-01,-3.510358886288680758e+00
1.248298884044535928e+00,2.510031411562608561e+00
6.801575160423936062e-01,-7.653282254404687457e-01
-2.163834664834353827e+00,3.848730033413387819e+00
5.373527237642378829e+00,2.181113910315879423e+00
-4.308356509039554361e+00,1.183497976334705104e+00
8.333435244459680424e-01,3.339925754698927829e+00
2.244732548167814645e+00,-2.484245652902480561e+00
-3.066907055173158980e+00,-1.307090131194032390e+00
1.886956615641097290e+00,4.270725905601606698e+00
-4.257614806319288903e+00,1.667914156676552295e+00
1.736567484596131861e+00,-3.602562048984821352e+00
-3.896290318136494069e+00,-2.205929911809664468e+00
-3.651479120724980820e+00,3.758624191458916908e+00
-1.123404505501757328e-01,3.730556136852810845e+00
-2.235392067032202057e+00,-5.236743802442274109e+00
5.311811819713716076e+00,-2.706758024292376524e-02
-4.368289008780584792e-01,-4.720364676956119609e+00
3.409630839468957841e+00,3.484603876196550765e+00
-4.767968021738468454e-01,3.189344317837541354e+00
-5.276768586049478849e+00,2.717985053751444391e-01
-3.135284106986925057e+00,-3.611660997484946733e-01
4.400629054833118392e-01,5.960420127704828985e+00
-8.303046898667569842e-01,5.890397287402049820e+00
2.496803578231447496e+00,-2.231373476071759399e+00
5.514792904516492289e-01,1.321518304773613206e+00
-4.595105012556932600e+00,8.595022241681591346e-01
4.184792422947603008e+00,2.391627709935774782e+00
4.584459992128404160e+00,-2.026712956330646576e-01
1.330688341572209055e+00,-4.175441570115931533e+00
1.550840891405770750e+00,3.293140894146497022e+00
-8.327530813230278328e-01,-1.974121931532532459e+00
5.019691547373738238e+00,3.350933119531424254e+00
-4.869378152015904071e+00,-7.579367055008765508e-01
5.335141595687428184e-01,2.000408055402818075e+00
-6.801141362437559401e-01,1.344556624040626591e+00
-3.758185183159716558e-02,-2.863175482264304628e-01
-2.514329483475489901e+00,-1.695592643675364330e+00
-3.604936961395516892e+00,-4.477874330316526930e+00
-3.593748760040933743e-02,4.659645857828263793e+00
-4.149700342009613685e+00,2.679364242457222822e+00
1.387133040567761544e+00,5.172526008626021188e+00
1.224097074471082403e+00,-1.661064401093944154e+00
2.307398851172073773e+00,2.395998639227145066e+00
-5.598682652420770900e+00,1.551422082698251659e+00
-3.960721689228426268e+00,1.762306016740641690e+00
1.773440899946137295e+00,3.830252848735912430e+00
5.069858832531241033e-01,1.925160391636953516e+00
-1.050755870258393010e+00,-8.815369637726960805e-01
-3.720396251321754999e+00,1.299856729196030791e+00
-2.680448128329070645e+00,-1.963521968714579291e+00
-1.969323676319868044e+00,9.227201380644041162e-01
-1.105498270457176524e+00,4.516751616950783976e+00
-2.477594149063921503e+00,5.514555734538220122e+00
5.151261386088682670e+00,1.953611681874970474e+00
4.551762669579318965e-01,-4.865285687372294277e+00
2.430910656354699384e+00,1.485315832823846716e+00
1.796575780820566015e+00,1.386386751167912879e+00
-1.590350977106549601e+00,2.879360690667806644e+00
-5.895010518873224914e-01,-2.655909592378220552e+00
6.590877681980835234e+00,-9.587322773495852990e-02
3.163387348291964773e+00,-3.935160102030422991e+00
-1.680779262010856812e+00,-1.147117026719726596e+00
1.885162407541578045e+00,2.757841327263930609e+00
-5.025003521759812131e+00,5.760352622071047701e-01
1.605936423084450615e+00,5.105582331171435229e+00
2.281761968662350704e+00,-2.717114004518892401e+00
3.159261844257007734e+00,-5.997059795866444887e+00
-3.557680840709505077e+00,-1.355517665589363485e+00
-1.360599632637493173e+00,-1.452524219223284341e+00
-1.164929610853305153e+00,3.483603602493133167e+00
4.149594232333059018e+00,1.937530662007172499e-02
3.917044985956447789e+00,-3.092046007655140372e+00
7.192145045181638219e-01,5.039336374743073499e+00
-3.725570200073957672e+00,1.597908701551885802e+00
-3.261051378790945643e-01,1.724634497226026797e+00
3.205117369433470031e+00,2.279041341068035464e+00
-2.449826186684559204e+00,5.210990091383918887e+00
2.131048365626226015e+00,-4.390623073760328232e+00
-2.854212709282965221e+00,-5.821452570891839429e+00
-3.975788694623460517e-01,-5.481915153331647694e+00
-1.735480047530278958e+00,1.388616867015162404e+00
-2.243455449277000913e+00,-2.403120721339349064e-01
4.831361806187052799e-01,3.640228218990665177e+00
2.491100871420578677e+00,2.553641055082738753e-01
-2.520260304898415793e+00,2.124614545157974543e+00
-5.597571737165037753e+00,-2.449004583222335274e+00
-4.224515245217451920e+00,-2.542375333318617869e+00
-1.220355768659288298e+00,2.361150518641423890e+00
-3.159229138050575258e+00,2.856427709228849032e+00
-1.802941621364713587e+00,-7.202666813679279301e-01
-5.430369712714500530e+00,-9.806799739747697198e-02
6.615404049970903255e-01,-3.204161512264066314e+00
-2.549642628737081584e-01,-5.969597676013822962e+00
7.515447210585850524e-01,-5.048008463043072602e+00
2.588371224392187475e+00,1.458589120831538910e+00
1.586971906629830675e+00,1.697337813781354843e+00
-5.124183328694622119e+00,1.318126531546256697e+00
-4.454681724397514309e+00,-2.808041479791221762e-01
-1.762872959936079509e+00,6.329654714901825074e-02
1.337726101994421990e+00,-2.976067234951761176e+00
-4.602415827449808816e+00,2.764285151074961089e-01
1.324982411459481590e-01,-1.368004661641503583e+00
2.133204305772755660e+00,-3.686159357938704861e+00
1.135639795268759578e+00,4.944947003451743761e+00
-3.509196287029866363e-05,-5.865587213305198944e+00
1.704201261233828424e+00,-2.793937370876520720e+00
8.128275113198345503e-01,-4.820631300404902397e+00
-1.953775509054477277e+00,-1.878932499872791595e-01
-1.065429910089396470e+00,6.778241244944384347e-02
-1.954833833821068456e+00,-5.000341179582497020e+00
-2.167305208892135404e+00,3.758130114593464466e+00
-8.732725591520185127e-01,-5.415654313263171815e+00
3.589544181656304733e+00,8.276616337418155611e-01
-5.691388143864619664e+00,1.025983852266331819e+00
-3.365088937910375222e+00,3.902488697981731924e-01
4.111571855045597634e-01,-2.251234477828961911e+00
5.723062952834336858e-01,-3.168169007055855246e+00
5.275780183519671596e+00,2.697393653605962616e+00
6.146159179265815453e+00,1.689630837607561942e+00
-3.994279772539679918e+00,-1.496269954885593556e+00
-3.632655424734559269e+00,2.747157929053298364e+00
-2.557251045197818762e+00,1.684516977393948123e+00
1.169497464949385890e+00,-3.540663096532554288e+00
6.196739779665161318e-02,-1.206437662842190006e+00
3.167998968448070940e+00,-4.941788320155542369e-01
3.434167910485288910e+00,-1.355336975779981357e+00
-3.221993735390024316e+00,1.355740940278317819e+00
4.557837406577419648e-01,-1.255394780647397235e-01
1.587948912889241004e-01,-4.315191402450579083e+00
6.627747698935320120e-01,-4.655007101912723932e+00
-2.646003671044739658e+00,-2.225243910878074993e-01
2.149069980514477951e+00,-6.753407776470984558e+00
6.618562886521108801e-01,-3.913711835338972822e+00
-1.139613597734668193e+00,3.022971739049543860e+00
-8.326379464381815643e-01,1.064745152895777869e+00
4.679090471809946195e+00,-1.369285061283343818e+00
-2.006809599338785333e+00,5.800731840718963417e-01
-2.792982901925352923e+00,-2.507801953713880039e+00
-9.459405413341877011e-01,1.796812850601893663e+00
2.866781954334883586e+00,2.578475930371927127e+00
-1.138415364893787363e+00,-2.352651327296086059e+00
-2.451227831247232203e+00,-1.457200920292411439e+00
-3.603841131987619129e+00,8.409713959759137492e-01
2.412447038551017275e+00,4.587434788883984815e+00
-3.540003490956433740e+00,-2.065419513580305289e+00
-2.229172785914388111e-01,-9.751045685941663044e-02
-2.974293472697157270e+00,-1.173573041339803780e+00
-3.265493970272994151e+00,2.987998382097313055e+00
1.699542301719744630e+00,-3.296096313505802122e+00
-5.456278107662462240e+00,-3.061935761522718735e+00
4.001811390749717923e+00,-4.795559464006476702e+00
-6.076203219603266703e+00,1.302571879008618039e+00
-4.566513930230354568e+00,9.165086825696364681e-01
5.437074289149006923e+00,2.337292230099444090e+00
1.346292210920608134e+00,1.836566687670380116e+00
5.321519629491159087e+00,3.742583371262973024e-01
-4.325519613349654513e+00,1.445111199296056359e+00
-4.315857180209811794e+00,-1.285174060083519532e+00
3.858425443376717112e+00,1.719929795606053025e-01
4.551380455047014939e-01,1.829010748162666733e+00
1.645773629963753981e+00,2.126816383680490308e+00
1.198313015776460710e-01,4.802711543995169308e+00
4.755706927105253223e-01,-1.759946708707376406e-01
-5.962093534585510390e+00,8.816655347293712586e-01
1.973529347237421350e+00,-3.918845831923334910e-01
-4.794132356529712702e+00,2.448605826745995806e+00
-5.709187279717370167e+00,3.777348085334490957e-01
-2.971377957081541954e+00,-1.046926320216424733e+00
-1.525773234159995100e-02,6.324777351590195051e-01
1.390364208569232929e+00,3.724042651452791564e+00
-4.400368045996923272e-02,-5.049337418933768085e+00
-2.224626268300098797e+00,6.411466199616446815e+00
2.670692397272063978e+00,-2.008592291267696783e+00
1.022872631244633013e+00,-2.918631690651866784e+00
3.842160197884191497e+00,2.504394435763908522e+00
-2.994884056670876760e+00,9.252113622798233683e-01
1.791660702884573464e+00,1.459238504505272038e+00
3.780169554352452721e+00,3.824545199018741570e+00
3.339474993968706951e+00,1.723264868259604954e-01
1.871529550239181550e+00,-3.344089718732399685e+00
3.647433701336957323e+00,-2.421130779126458854e-01
-1.248226596372470354e+00,3.549300922541080539e+00
4.561650747267354866e+00,-2.245283183610205513e-01
-4.291401846937853648e+00,-8.945649290789505770e-01
3.891432517791179269e+00,6.355830654139815739e-01
-5.753257767696717373e+00,-1.352668619646516301e+00
-2.925093061282556306e+00,2.953908382131233967e+00
2.730256243198518007e+00,2.413425048037125098e+00
-5.322710711671391204e-01,-3.861555442391269910e+00
-3.233166723438134049e+00,5.048475797303563217e-01
8.627364197025680914e-01,-4.335014491886203025e+00
-4.735293244907527566e+00,3.392754494327220982e+00
1.717991781835677134e+00,-3.002282687060465527e+00
-3.699389402142365668e+00,2.987094338255489312e+00
2.804216317557131521e+00,1.183754920041736103e+00
-8.749120401756306231e-01,-1.652321970728929168e+00
-3.840612631342062988e-01,5.667313672250194223e+00
-4.787457685609341596e+00,1.410649534795429760e+00
1.294262510578953584e+00,-3.337419006894936757e+00
2.006533658855371161e-01,2.155682152043250532e+00
-8.630250878282772486e-01,3.046833232593757934e+00
-3.984824255639802359e+00,2.113276448628474746e+00
2.675869533208732887e-01,2.576226233760176676e+00
3.186979901157328321e+00,-1.819101094135134655e+00
3.325642120880260233e+00,-3.689799900452053638e+00
-1.636720890500398928e+00,5.566711532804813345e-01
-1.309122432040805251e+00,3.291983465861754610e+00
-5.154236799686197079e-01,-2.835805495643724861e+00
-6.311537124961534850e-01,-5.337349687868691017e-01
2.710286775946504356e+00,-4.899066806530169238e+00
-6.785729506745964423e-01,-4.831735720218919283e+00
-3.966281754852077235e+00,-3.215199406652788916e-01
5.664633453498622018e-01,-5.190577103217438371e+00
2.898008396261043118e-01,1.908264838188099333e+00
5.130458990789742435e-01,-6.175496055561378483e+00
7.071458763843959661e-01,5.030485160106431763e+00
1.611090360270118316e+00,-3.641963660231768873e+00
-7.700629189355543414e-01,-2.825993125237992842e+00
4.532921208586003559e+00,-4.253935033479632644e+00
-1.529634468625718391e+00,-5.480710126546885164e+00
-2.796308984371905559e+00,1.917375837030339814e-01
1.743227767820687557e+00,3.957542415379371459e+00
-4.633075098039193485e+00,4.308673041909626411e-01
-1.516825398784550805e+00,-3.502705679478664624e+00
3.298520602827539783e+00,1.669080804520353345e+00
-5.742203754449526798e+00,1.391255776789820375e+00
2.919306278135892496e-01,1.619726182521161295e+00
-9.338771824896693330e-01,1.315781246571040342e+00
1.827286607211480840e+00,-4.801075373843334049e+00
1.645887200200932377e+00,-4.185374457888196176e+00
3.677039112792789943e+00,-1.105903654188828522e+00
2.276623656482271052e+00,1.931375209483068289e+00
-3.279981411234270894e+00,1.997474307336063015e+00
-3.321905001991636852e-01,-1.013674689981539867e+00
2.324149264794258762e+00,2.615403064244432585e+00
-8.195385524944763800e-01,3.939743075352389212e+00
4.801779478928911438e+00,-3.713303970902968487e+00
1.362060875859014919e+00,1.090743536137354530e+00
-2.234129715789899162e+00,1.404967989606080492e+00
-4.545841729139627141e+00,-3.530269989558526778e+00
4.318371547879380934e+00,-4.813447081525626281e+00
-1.826178400561413673e+00,5.628923651176682696e+00
-1.548467490978608474e+00,-2.885754605602162570e+00
-4.873105957919296571e+00,6.365585660402659496e-01
-7.986034558980152631e-02,-4.270658999891098873e+00
3.673521764364073849e-01,6.116953247764582713e-01
-5.687269017789740921e+00,3.787898381495249933e-01
3.564819029486058444e+00,-5.689469187922221671e+00
4.878573488560951077e+00,-1.083543410514174576e+00
-4.351185903918192155e-01,-1.711804472042811387e+00
-5.984518864915846947e+00,5.221715037310833418e-01
-3.118414782156478715e+00,1.029691878937466276e+00
-3.688852540204211383e+00,3.161090829824506065e-01
2.912914471493013746e+00,-3.528889894478682621e+00
5.445312042655163332e+00,1.160407800504794196e+00
-3.101230273106976743e+00,1.171060694317078710e+00
-2.183695635094198284e+00,2.382893839988136087e+00
1.483697286194505249e+00,-3.110924389639588838e+00
-2.050590933605632049e+00,2.308993880130004950e+00
-1.080358889761434821e-01,3.331409458048927963e+00
3.454686751508484477e+00,-3.348519510941208921e+00
1.945385026304455645e+00,4.210591606497974482e+00
-3.949279691206067366e-02,1.066460669835953112e+00
-2.755060544017409185e+00,2.277575403182247271e+00
4.583105310378663866e+00,-1.814764998196388701e+00
9.236866072968994423e-01,-3.092633459996620537e+00
-5.247037246768793572e+00,-9.761742785948290813e-01
-1.769762965549461331e+00,1.774677450589968064e+00
-2.177140367485525640e+00,3.493440660041780443e+00
3.022615372159260350e+00,1.903983197205438405e+00
2.140341699536233211e+00,3.055350546665323019e+00
3.366228036455413797e+00,3.475639295132437190e-01
-3.192651486821303397e+00,-1.238123575984992897e+00
1.355939248563184263e+00,1.794031428931953220e+00
-4.133051605085318742e-02,5.058889531497569036e-01
1.698505880285249514e+00,1.425905151064700505e+00
1.826096948613178950e-01,5.257087148504676621e-01
1.535368331771371331e+00,6.662273226432701811e+00
3.826780637546668640e+00,-3.070333229413744203e+00
-3.776055125927705092e+00,1.282116892029954602e+00
-3.016490124454231481e+00,1.298739883824268748e+00
-1.371562623658757252e+00,4.266995850175550942e+00
-2.955575198186910502e+00,5.218344459499222765e+00
-5.555769232734101060e+00,1.126722640642415563e+00
3.977669690288349269e+00,-8.822140460316767463e-01
2.791250853041201130e-01,-2.089070634611261301e+00
3.737105924859845274e+00,-3.085000621114558861e+00
1.578927154312534054e+00,2.162883296384396026e+00
-1.716794367462441073e+00,-2.228097546308985266e-02
8.627171923521546881e-02,7.497132082492237171e-01
-3.773489439752049535e+00,-2.302230260916898974e+00
-2.535121576197174598e-01,-4.598830505076737296e+00
-1.058117160995367456e+00,3.406926633189660603e+00
-3.108094880758460299e+00,-2.315916097340238622e+00
1.017161726596386373e+00,-3.591431015374015878e+00
-5.004817575093658100e+00,1.035672781292779510e+00
-3.750013555604870263e-01,4.669136770041971696e-01
-4.484122541744678392e-02,2.126200860486915811e+00
3.249540401547855950e+00,-4.319903004126637747e+00
-2.578264317014043350e+00,-3.791949918936531994e+00
3.814618570146286469e+00,2.601996094800874459e+00
-2.333982462487495635e+00,-3.443607452488699483e+00
-5.748733124034384190e-01,2.824525164543722489e-01
1.660717022529025089e+00,5.085727599971625601e-01
-3.145932767890212922e+00,-3.451957192774329219e-01
-3.011504581227026467e+00,1.595865283217270614e+00
5.934406669878922180e-01,1.314465190941236594e+00
-6.077954188314481421e+00,3.895115351559637062e-01
1.502833126059785807e+00,3.241529901853125839e+00
2.244085550242551630e+00,-3.961237944105330033e+00
4.180470604985038641e+00,1.224663424374049070e+00
-3.206835034108713955e+00,1.968054319178070388e+00
4.584226570256913824e+00,-8.048193479731510225e-01
3.168401905360878068e-01,-3.204319199942049057e+00
2.626772629540362392e+00,-3.072048183451081105e+00
-4.999315361168736871e+00,-2.386223320147823124e+00
5.435496875669029393e+00,5.480526772261281598e-01
3.539092821702796154e+00,3.363528678649149395e+00
-2.527911018121964837e+00,4.142595284610266049e+00
-3.779125143613030424e+00,2.832770231008408524e-01
1.259493284867764240e+00,-4.951062404091100433e+00
1.668837847369782690e+00,3.632132774153986610e+00
-1.037866998108009753e+00,5.451643352330195924e+00
1.100755385166816591e+00,-3.255451233901150321e+00
4.575997232725500297e+00,-2.886494310099486094e-01
5.518545923301322320e-01,3.755544530080592303e+00
-2.696335466381797996e+00,3.457710083968301262e+00
1.646874753135771030e+00,7.349010536628689527e-01
5.906638711335927105e+00,1.317802226837915036e+00
5.180280771255264760e+00,4.405664059154575929e-01
1.175992059878753659e+00,2.493884665351278951e+00
1.973760871918745607e+00,2.946897316413743528e+00
-2.717747904443055251e+00,1.893822690561939304e+00
-2.793725490309770354e+00,-5.035226415215372064e+00
-3.504337658507783893e+00,9.464425033907594154e-01
-2.846289008007992560e+00,2.232869989703697211e+00
-3.585868934939379749e+00,-8.979887127325056895e-01
3.436541527847361444e+00,9.351363596562339842e-01
-4.050290214679209910e+00,1.886715799801708671e-01
4.231873661613803961e+00,3.304407711941959591e-01
-1.562295584142816773e+00,4.194502386450068343e+00
-7.623597610221622967e-01,7.991771828221290452e-02
1.667753896904086375e+00,1.955484527067998801e+00
-2.524585243077630548e+00,4.492197019207315734e-01
4.072410475295418664e+00,-2.459573962805166936e+00
1.044358599950597100e+00,-1.289962079021127916e+00
5.666352065155458639e+00,-2.913008099009801288e+00
1.546007374415855784e+00,-6.625666032224167168e+00
-2.334861337755095967e+00,-2.042735148820491453e+00
4.437798570610788917e-02,2.650794111657384544e+00
2.797350542555198327e+00,5.559401178926368647e-01
-4.114114395348376974e+00,9.143351769729136658e-01
-1.021140597072470957e+00,1.033865177975156202e+00
-4.426733155489949390e+00,2.107442808230435727e+00
-4.597049139604281187e+00,-1.810663383666510223e-02
-2.189775863309513237e+00,-3.733933537249792156e+00
3.522544797295547259e+00,4.480494210507636743e-01
-6.182100425919324627e-01,2.925351468771894670e+00
5.068508776969517626e+00,3.039006721310024695e+00
2.308767628718682463e+00,-6.504325818821412586e-01
8.771226724700309507e-01,-3.779973292722948131e+00
3.018526559996991043e+00,5.699384541155323447e-01
2.797500347128741183e+00,-1.133757613592552976e-02
-3.586358316442897820e+00,3.071680317210323530e+00
2.949615030594793241e-02,2.464390409539249482e+00
2.300767513628715122e+00,3.494894067946564320e+00
-6.415769703599204510e-01,-9.440841668559315503e-01
2.369237982016566824e-01,-2.656897654000195619e+00
-6.062325393144812224e+00,1.761236768487134674e-01
-5.192047519498883545e+00,-1.670233317588390554e+00
-5.041799656730213686e-01,1.961827364009855801e+00
-5.811744611946433325e-01,1.130327980514899355e+00
-1.789033745043630663e+00,-3.376975859735821039e+00
-3.063693805984651908e-01,6.342091386773174300e-01
1.774148579482600407e+00,2.423903735693059946e+00
-3.872561313665438210e+00,-5.235683059787484828e-01
1.641572374360593001e+00,2.576556895588232532e+00
8.862806694303732025e-01,3.962490423163238518e+00
-5.018456930058188270e+00,-3.300008136824083560e-01
-2.905604179827277367e+00,2.505349180470013426e+00
-2.905307233578345194e+00,2.275915888682207289e+00
-8.039906063827121363e-01,-3.819384786509191887e+00
3.098778678846546786e+00,3.839169989822929008e+00
4.810239498794170565e+00,1.893846329998175371e+00
2.258165677686480688e+00,-2.404302241158057463e+00
-3.717904977913573106e+00,7.363934476955471542e-01
-3.009042955528269836e+00,-2.404981674798995162e+00
2.162834344928534214e-01,-3.879057513245244948e+00
2.847506936091704244e+00,1.695706365523073744e+00
-1.333834153171364056e-01,-4.186405206552291425e+00
4.844643039615952773e+00,1.820256227517815795e+00
3.040298156364477311e+00,-5.125030134571136209e+00
-2.298549050252782777e+00,6.889493392684185036e-01
-1.353985881506720057e+00,1.229495177850986387e+00
3.043374458777882818e+00,4.909187311215276850e+00
1.988269461713606523e+00,1.967792900078898288e+00
2.421209707383641607e+00,-8.259093122727078073e-01
-1.113458565332958283e+00,6.579874610221913223e+00
-3.804585302699284632e+00,1.767202181758561919e+00
9.714295709491690411e-01,-3.464728527952789072e+00
5.744392664566611018e+00,4.329742638326292137e-01
2.750045196581377915e+00,-2.421935680181279693e+00
-6.210527004782421256e-01,2.551461968380422274e+00
-4.278029290477484814e+00,1.013397984655811879e+00
3.980638939217765682e+00,3.445636358055053972e+00
3.133929607880891144e+00,7.327842814834985286e-02
-4.845060959911855036e+00,1.258252427670160101e+00
-5.698307988698704252e-01,-4.702567658213157920e+00
2.703787694927723084e+00,1.609716632673090064e+00
-5.184816521982511972e+00,1.273446651228805404e+00
1.422939070028052422e+00,-4.399710514729971322e+00
1.266306134362700897e+00,-1.471530153648604733e-01
3.558583361176845372e+00,2.442319814157961400e+00
-4.902713646692231642e-01,-5.053362828320696387e+00
3.945878673688805183e+00,3.762903142605773077e+00
1.611178144607707585e+00,-2.682004676628258810e+00
4.570398642430298253e+00,-2.894677957913426081e+00
5.143899272566209824e+00,3.030647183093199803e+00
-2.697271658623127677e-01,-8.969984299501504443e-01
1.568491271701655476e+00,-2.712566590157920565e+00
5.030001890926605768e+00,-1.054546647101316958e+00
-3.935937709490938019e+00,-7.009944956343662492e-02
-3.258932006768006762e+00,4.902805795630791330e+00
-1.106000861275645342e+00,1.152897983720023500e+00
9.711022432271700922e-01,1.413797776819827101e+00
1.566303981942879009e+00,-2.793027243707343121e+00
3.995262532320991156e-01,-1.196748198846516731e+00
-1.227757606402028356e+00,8.663065581269665388e-03
-1.285323481671213797e+00,8.568723846927742693e-01
3.580963802477159952e+00,-6.528242826625794137e-01
3.406364765785550475e+00,-3.208812860640909648e+00
-3.455026944640283482e+00,-9.439806577304166169e-01
-3.111386364822688044e+00,-1.378094022049905387e+00
1.173188479883544577e+00,-5.451128624863946115e+00
-3.745452535768476476e+00,1.974886093555389799e+00
3.826864165960076836e+00,3.031684221696270498e+00
-1.984360082356026733e-01,2.671062481000705535e+00
-1.931233628240941025e+00,5.285914028909273199e+00
-5.940666167034074796e+00,2.300386980247719482e+00
-3.017281689176900095e+00,3.339833352447301174e+00
5.081133620908848236e+00,2.405460834343553067e+00
-1.867493973586816569e+00,2.964507563248575561e+00
1.635179777467820950e+00,-2.166578487676791731e+00
-4.042659164321912968e+00,-2.829315380954432246e+00
1.289221641616762115e+00,2.288499779624554087e+00
2.835155548392611191e+00,-2.547086181142878658e+00
-3.088497044734432873e+00,-3.898296838359876365e-02
2.233182258390971064e+00,1.965441460359300674e+00
2.199945185802512526e+00,-5.039663235419186149e-01
1.699098014587049621e-01,-1.216463929836125946e+00
3.734117609162597162e+00,1.122862255112218710e+00
3.397153616960530087e+00,7.808010963158299456e-01
-5.276535707632732830e+00,1.932515219468380785e+00
5.901387582782600116e-01,-5.314052838764739661e+00
-5.539529882566222696e+00,3.489033129425489044e+00
-5.614683164089402823e+00,3.380043536766124679e-01
-3.513219253349091353e+00,-1.101614156313715398e+00
-2.599902669694361013e+00,5.907160427371848099e-01
1.122809070597160286e+00,-1.327069716294846824e+00
-5.867683675440202862e+00,2.122153970826747837e+00
-1.467532937499257617e+00,-1.866762204007196058e+00
5.484207073767500162e+00,-2.314531835885744293e+00
1.792654933974965781e+00,2.606684043259437367e+00
3.049456560842833674e+00,2.911441171200420008e+00
-3.338655593242798730e-02,-3.312662237348944050e+00
1.133757199643382174e+00,3.860203258461622600e+00
2.964060613916295495e+00,8.474109359182800949e-01
1.556737294638988134e+00,-4.414671990090388576e+00
2.204953548409759101e+00,-4.734489727346175236e+00
-3.067314584049508852e+00,1.549370313882255434e+00
-8.984452489152931765e-02,1.577791643312864034e+00
-2.361644083333963806e+00,1.221556351469500257e+00
1.959657684390979648e-01,-4.538045446942748029e+00
-4.325498663127146926e-01,-6.923546809077802955e+00
2.356989671685749244e+00,1.549174019780398925e+00
4.384242455786462322e+00,1.098398204858981986e+00
-1.933670513333088259e+00,4.162424203566903458e+00
-5.574028304592088645e+00,2.617660358848941993e+00
4.394358689532888995e+00,-4.380333632698349966e-01
-2.822302886659968646e+00,-5.628706982036100204e-01
5.683610814900588615e+00,-1.798592722294050761e+00
7.521184354643249970e-01,3.335520870767960666e+00
2.659582757930476493e+00,3.140966515890208921e+00
-5.011131868305624515e+00,1.375126562156097965e+00
-2.959097590351565721e+00,-1.973042516228515453e+00
1.519261529512545117e+00,-4.820844654974960619e+00
4.495530681263392170e-01,-5.264980797324455786e+00
-1.794758469980303639e+00,3.486249083288649686e+00
5.446509577776194710e+00,2.096349559477136193e+00
-1.637275518395433282e+00,8.624823492171667105e-01
-3.184210686838013338e+00,-1.119965068183768953e+00
4.688447537429206946e+00,-1.602567679988543770e+00
1.701560887218481533e+00,-2.352625641191999240e+00
-6.266592606426880430e+00,1.556207051310837697e+00
7.803338634836337606e-01,1.297287283677049263e+00
2.481294473162340974e+00,-3.313213791673356390e+00
3.059887039628941263e-01,-4.603018786211539926e+00
-1.340286101203998492e-01,2.145617759143175540e+00
3.034369632516971116e+00,-1.378030261607418705e+00
2.878478977354196111e+00,4.838301864477031700e+00
-4.404695132490122234e+00,-2.029332022570982552e+00
5.073724632059862572e+00,3.002590004816378055e+00
4.745168817341190781e+00,2.805733408764770953e+00
4.169068046656969173e+00,3.326737928504466701e+00
4.662787226726650580e+00,-3.475456243025077718e+00
4.834975077484294559e+00,-3.191492635092800789e+00
-1.724170623840727279e+00,1.175794600555088998e+00
-3.201707449427213970e+00,3.042764297242884997e+00
-3.604051187022102809e+00,1.395702074818773619e+00
-1.492826479366587134e-01,-4.166547417271371678e+00
1.875095211979832088e+00,-5.246708379620914187e+00
6.795128768640292805e-01,-3.807231297459859887e-01
-1.437536224443784150e+00,2.733527671157447880e+00
-1.729540108025401812e+00,1.836562792248877640e+00
1.971760475910759314e-01,-1.095852951490825955e+00
-2.873459753999548116e+00,2.584804385337188481e+00
3.976088259072378506e+00,-4.253216830033014872e+00
-4.839631011290988383e+00,3.158160250927802171e+00
1.586652426576786512e+00,-3.862692673371000751e+00
-3.277052382184659773e+00,8.959661935273396383e-01
1.646727188687532595e-01,-2.963426561190897424e+00
1.593082359649820257e+00,5.978566472492622408e-01
3.859019219350228180e+00,-4.048010145360707135e+00
2.550820931449345519e+00,-5.295131213871254516e+00
2.388635810245808067e+00,-2.897681454022545733e+00
-2.965105034377120141e-01,-7.715156899900449394e-01
3.061593891448394000e+00,-1.618633857432406620e+00
2.682130942086130343e+00,-3.634083166678510501e+00
3.726133529195904681e-01,-5.395480241451206638e+00
4.293925063642226370e+00,-1.677047990913596465e+00
-5.043796242827000675e+00,2.499171974285460784e+00
-7.560932429788456144e-01,-3.884423091247834581e+00
3.274955507434059943e+00,3.322540773643607004e+00
2.219950655977425580e+00,-3.460157745699586673e+00
9.756459469870952805e-01,4.117765665320181512e+00
6.360247951109505138e+00,8.844699528849698789e-01
2.287673544659468983e-01,-5.357693320107501656e+00
-3.161492281142141092e+00,-1.414372225043946329e+00
-1.127209834798443167e+00,2.211039129686084515e+00
-2.288325127836193129e+00,-6.858516660611990723e-01
3.116989301653265709e+00,2.156525863787828873e-02
-1.989679052792401107e-02,6.715864263023333391e-01
-5.862067949044035942e+00,-1.815535547712174846e+00
9.166650826569650024e-01,6.807836783642092771e-01
-5.212127006584887035e+00,-1.190698125935748086e+00
2.364360315378570832e-01,4.064305407065833542e+00
3.557596500770879189e+00,-5.916867053006734656e-01
-2.364617480196833821e+00,-1.523259666380246014e+00
-5.072388271698281770e+00,-9.260922828093939296e-01
9.118886605438371040e-01,-1.561323483030052084e-01
-9.837842829348063534e-01,3.458231822500115182e-01
1.727888843981847666e-01,3.426262143802726534e+00
-6.286243577542389716e+00,-7.350091839736438981e-01
4.754231630823012367e+00,-2.757192032581568419e+00
3.591838683756877870e+00,-1.301600984895316060e+00
-1.401558318794727365e+00,1.189460615554839507e+00
-1.108301980282620780e-01,-3.569263458977525172e+00
8.348955428164070436e-02,-3.316982076286649761e+00
2.128588952470327644e+00,5.359088395060525478e+00
-1.970547243548804728e+00,-2.522774144837891086e+00
3.755470487469839025e+00,4.046372973518177929e+00
-1.718236499876492296e+00,2.673491196225976196e+00
1.652239022557601578e+00,-3.447568939992927461e+00
-3.394888558115518595e+00,2.468215524102385761e+00
7.356912654313340072e-01,-3.959095882564428237e+00
1.584494706235860306e+00,3.411082441561051226e+00
1.899903438532093647e+00,1.059140766526625033e+00
2.438930983073856140e+00,3.130846900830787649e-01
6.442521053922819485e-01,-4.652455624655270405e+00
-2.592732651509908059e+00,1.879484876621484668e+00
-2.967507987532377101e+00,-4.646578768965038186e+00
1.170902111657051048e+00,6.000623250092292693e+00
-3.329773598438723781e+00,1.675504534866087525e+00
-4.358990133048271431e+00,4.888358933782497751e+00
3.414155996876734322e-01,2.781057262532918184e+00
6.552935436397920865e-01,-4.976624422458961305e+00
-2.860009787022024241e+00,3.833222526005744868e+00
-3.763995588787385493e+00,6.351563317246947671e-01
3.144492423714437823e+00,1.392510528000017400e+00
-3.516897205203836752e+00,-3.211403553355076657e-01
-6.850648874375242503e-01,2.475771850065364710e+00
-6.369133839593110746e-01,5.102471683439094186e+00
-3.116295845464546410e+00,4.224438770215408923e+00
-3.954388737668610876e+00,9.495208330382136630e-01
1.058595482794994602e+00,-5.749477040780117676e+00
3.298490928797339627e+00,5.725452144360539286e+00
1.599113786711378049e+00,-3.728887088880006861e-01
1.407107307013123698e+00,-3.109952091583976674e+00
5.033059959311488640e+00,-8.218838499639735673e-01
-6.334973243307499224e+00,-1.346486184144802589e+00
1.918319262317446317e+00,3.475855915919122685e-01
1.711756769134425982e+00,-5.222188180650647382e+00
-1.554027077997224504e+00,-1.482110936210110141e+00
-1.471292013365678830e+00,3.117420597935931958e+00
1.925283941639253094e+00,-3.220448786868088220e+00
1.162394175052696488e+00,-1.975632384665387820e-01
3.314634254529980062e+00,6.809350788849678759e-02
8.861514758127286839e-01,-4.781174120510935099e-02
-4.873308651183919871e+00,-9.472133846713098881e-01
1.828962557313948523e+00,1.941721493104145546e+00
-1.334087119219514728e+00,3.046485233111853042e+00
3.100536478931096518e+00,2.338486933416624503e+00
2.732554976105965761e+00,1.478810290352698065e+00
-5.077484424395589890e+00,1.453565734840502888e+00
-7.030751536711858929e-01,-3.502053576070667695e+00
-2.161498667384654127e+00,-4.286630087649268894e+00
-2.551335684888038191e+00,2.984486695282371205e+00
-3.966050345372556407e+00,-2.993709655518274060e-01
